run,http_status,handler_status_code,roundtrip_ms,handler_execution_time_ms,total_kernel_ticks,total_kernel_ms,kinit_ms,vm_init_ms,procinit_ms,userinit_ms,boot_completed,timed_out,return_code,panic,error
1,,,19.64259147644043,,,,,,,,,,,False,<urlopen error [Errno 111] Connection refused>
2,,,0.20837783813476562,,,,,,,,,,,False,<urlopen error [Errno 111] Connection refused>
3,,,0.17023086547851562,,,,,,,,,,,False,<urlopen error [Errno 111] Connection refused>
4,,,0.17380714416503906,,,,,,,,,,,False,<urlopen error [Errno 111] Connection refused>
5,,,0.18644332885742188,,,,,,,,,,,False,<urlopen error [Errno 111] Connection refused>
6,,,0.15854835510253906,,,,,,,,,,,False,<urlopen error [Errno 111] Connection refused>
7,,,0.19431114196777344,,,,,,,,,,,False,<urlopen error [Errno 111] Connection refused>
8,,,0.1728534698486328,,,,,,,,,,,False,<urlopen error [Errno 111] Connection refused>
9,,,0.1723766326904297,,,,,,,,,,,False,<urlopen error [Errno 111] Connection refused>
10,,,0.17499923706054688,,,,,,,,,,,False,<urlopen error [Errno 111] Connection refused>
